{
    "method": "Variational (Ours)",
    "L": 10,
    "g": 0.5,
    "num_layers": 8,
    "alpha": 0.1,
    "num_steps": 1000,
    "final_hybrid_cost": 0.016379089539232318,
    "final_global_fidelity": 0.8624483656834963,
    "depth": 105,
    "num_cnots": 80,
    "run_time_seconds": 577.6187334060669
}